<?xml version="1.0" ?>
<LOG_ROOT>
	<PROJECT NAME="jcs_lakE">
		<CBX_INST_ENTRY INSTANCE_NAME="|Top_aa|Image_processing_aa:Image_processing_aa|Bit_Erosion_Detector:u_Bit_Erosion_Detector|Matrix_Generate_3X3_1Bit:u_Matrix_Generate_3X3_1Bit|Line_Shift_RAM_1Bit:u_Line_Shift_RAM_1Bit|altshift_taps:ALTSHIFT_TAPS_component" CBX_FILE_NAME="shift_taps_0rv.tdf"/>
		<CBX_INST_ENTRY INSTANCE_NAME="|Top_aa|Robotic_arm_control_ak3:Robotic_arm_control_ak3|Inverse_kinematics_ak:Inverse_kinematics_ak|lpm_mult:Mult5|multcore:mult_core|mpar_add:padder|mpar_add:sub_par_add|lpm_add_sub:adder[0]" CBX_FILE_NAME="add_sub_pgh.tdf"/>
		<CBX_INST_ENTRY INSTANCE_NAME="|Top_aa|Robotic_arm_control_ak3:Robotic_arm_control_ak3|Inverse_kinematics_ak:Inverse_kinematics_ak|lpm_mult:Mult6|multcore:mult_core|mpar_add:padder|lpm_add_sub:adder[1]" CBX_FILE_NAME="add_sub_fkh.tdf"/>
		<CBX_INST_ENTRY INSTANCE_NAME="|Top_aa|Robotic_arm_control_ak3:Robotic_arm_control_ak3|Inverse_kinematics_ak:Inverse_kinematics_ak|lpm_mult:Mult6|multcore:mult_core|mpar_add:padder|mpar_add:sub_par_add|lpm_add_sub:adder[0]" CBX_FILE_NAME="add_sub_jkh.tdf"/>
		<CBX_INST_ENTRY INSTANCE_NAME="|Top_aa|Robotic_arm_control_ak3:Robotic_arm_control_ak3|Inverse_kinematics_ak:Inverse_kinematics_ak|lpm_mult:Mult8|multcore:mult_core|mpar_add:padder|lpm_add_sub:adder[0]" CBX_FILE_NAME="add_sub_ngh.tdf"/>
		<CBX_INST_ENTRY INSTANCE_NAME="|Top_aa|Robotic_arm_control_ak3:Robotic_arm_control_ak3|Inverse_kinematics_ak:Inverse_kinematics_ak|lpm_mult:Mult9" CBX_FILE_NAME="mult_m9t.tdf"/>
		<CBX_INST_ENTRY INSTANCE_NAME="|Top_aa|Robotic_arm_control_ak3:Robotic_arm_control_ak3|Inverse_kinematics_ak:Inverse_kinematics_ak|Atan_Rom:Atan_Rom|altsyncram:altsyncram_component" CBX_FILE_NAME="altsyncram_4jd1.tdf"/>
		<CBX_INST_ENTRY INSTANCE_NAME="|Top_aa|Robotic_arm_control_ak3:Robotic_arm_control_ak3|Inverse_kinematics_ak:Inverse_kinematics_ak|lpm_mult:Mult8|multcore:mult_core|mpar_add:padder|lpm_add_sub:adder[1]" CBX_FILE_NAME="add_sub_ngh.tdf"/>
		<CBX_INST_ENTRY INSTANCE_NAME="|Top_aa|pll_clk:pll_clk|altpll:altpll_component" CBX_FILE_NAME="pll_clk_altpll.v"/>
		<CBX_INST_ENTRY INSTANCE_NAME="|Top_aa|Robotic_arm_control_ak3:Robotic_arm_control_ak3|Inverse_kinematics_ak:Inverse_kinematics_ak|lpm_mult:Mult8|multcore:mult_core|mpar_add:padder|mpar_add:sub_par_add|lpm_add_sub:adder[0]" CBX_FILE_NAME="add_sub_rgh.tdf"/>
		<CBX_INST_ENTRY INSTANCE_NAME="|Top_aa|Robotic_arm_control_ak3:Robotic_arm_control_ak3|angle2location_aa:angle2location_aa|lpm_mult:Mult0|multcore:mult_core|mpar_add:padder|lpm_add_sub:adder[0]" CBX_FILE_NAME="add_sub_kgh.tdf"/>
		<CBX_INST_ENTRY INSTANCE_NAME="|Top_aa|Robotic_arm_control_ak3:Robotic_arm_control_ak3|Inverse_kinematics_ak:Inverse_kinematics_ak|DIV:DIV|lpm_divide:LPM_DIVIDE_component" CBX_FILE_NAME="lpm_divide_k7v.tdf"/>
		<CBX_INST_ENTRY INSTANCE_NAME="|Top_aa|Robotic_arm_control_ak3:Robotic_arm_control_ak3|Inverse_kinematics_ak:Inverse_kinematics_ak|lpm_mult:Mult4" CBX_FILE_NAME="mult_eat.tdf"/>
		<CBX_INST_ENTRY INSTANCE_NAME="|Top_aa|Robotic_arm_control_ak3:Robotic_arm_control_ak3|Inverse_kinematics_ak:Inverse_kinematics_ak|sqrt_ctrl:sqrt_ctrl|sqrt:sqrt|altsqrt:ALTSQRT_component|lpm_add_sub:subtractors[0]" CBX_FILE_NAME="add_sub_8pc.tdf"/>
		<CBX_INST_ENTRY INSTANCE_NAME="|Top_aa|Robotic_arm_control_ak3:Robotic_arm_control_ak3|Inverse_kinematics_ak:Inverse_kinematics_ak|sqrt_ctrl:sqrt_ctrl|sqrt:sqrt|altsqrt:ALTSQRT_component|lpm_add_sub:subtractors[8]" CBX_FILE_NAME="add_sub_oqc.tdf"/>
		<CBX_INST_ENTRY INSTANCE_NAME="|Top_aa|Robotic_arm_control_ak3:Robotic_arm_control_ak3|angle2location_aa:angle2location_aa|lpm_mult:Mult1|multcore:mult_core|mpar_add:padder|lpm_add_sub:adder[0]" CBX_FILE_NAME="add_sub_kgh.tdf"/>
		<CBX_INST_ENTRY INSTANCE_NAME="|Top_aa|sdram_top:u_sdram_top|sdram_fifo_ctrl:u_sdram_fifo_ctrl|wrfifo:u_wrfifo|dcfifo:dcfifo_component" CBX_FILE_NAME="dcfifo_nnl1.tdf"/>
		<CBX_INST_ENTRY INSTANCE_NAME="|Top_aa|Robotic_arm_control_ak3:Robotic_arm_control_ak3|Inverse_kinematics_ak:Inverse_kinematics_ak|sqrt_ctrl:sqrt_ctrl|sqrt:sqrt|altsqrt:ALTSQRT_component|lpm_add_sub:subtractors[1]" CBX_FILE_NAME="add_sub_apc.tdf"/>
		<CBX_INST_ENTRY INSTANCE_NAME="|Top_aa|Robotic_arm_control_ak3:Robotic_arm_control_ak3|angle2location_aa:angle2location_aa|lpm_mult:Mult0|multcore:mult_core|mpar_add:padder|mpar_add:sub_par_add|lpm_add_sub:adder[0]" CBX_FILE_NAME="add_sub_ogh.tdf"/>
		<CBX_INST_ENTRY INSTANCE_NAME="|Top_aa|Robotic_arm_control_ak3:Robotic_arm_control_ak3|angle2location_aa:angle2location_aa|lpm_mult:Mult2|multcore:mult_core|mpar_add:padder|lpm_add_sub:adder[0]" CBX_FILE_NAME="add_sub_kgh.tdf"/>
		<CBX_INST_ENTRY INSTANCE_NAME="|Top_aa|Image_processing_aa:Image_processing_aa|Object_detection_aa2:Object_detection_aa2|lpm_mult:Mult0" CBX_FILE_NAME="mult_tgt.tdf"/>
		<CBX_INST_ENTRY INSTANCE_NAME="|Top_aa|Robotic_arm_control_ak3:Robotic_arm_control_ak3|Inverse_kinematics_ak:Inverse_kinematics_ak|Acos_Rom:Acos_Rom|altsyncram:altsyncram_component" CBX_FILE_NAME="altsyncram_lp91.tdf"/>
		<CBX_INST_ENTRY INSTANCE_NAME="|Top_aa|Robotic_arm_control_ak3:Robotic_arm_control_ak3|Inverse_kinematics_ak:Inverse_kinematics_ak|lpm_mult:Mult5|multcore:mult_core|mpar_add:padder|lpm_add_sub:adder[0]" CBX_FILE_NAME="add_sub_lgh.tdf"/>
		<CBX_INST_ENTRY INSTANCE_NAME="|Top_aa|Robotic_arm_control_ak3:Robotic_arm_control_ak3|Inverse_kinematics_ak:Inverse_kinematics_ak|sqrt_ctrl:sqrt_ctrl|sqrt:sqrt|altsqrt:ALTSQRT_component|lpm_add_sub:subtractors[2]" CBX_FILE_NAME="add_sub_bpc.tdf"/>
		<CBX_INST_ENTRY INSTANCE_NAME="|Top_aa|Robotic_arm_control_ak3:Robotic_arm_control_ak3|angle2location_aa:angle2location_aa|lpm_mult:Mult1|multcore:mult_core|mpar_add:padder|mpar_add:sub_par_add|lpm_add_sub:adder[0]" CBX_FILE_NAME="add_sub_ogh.tdf"/>
		<CBX_INST_ENTRY INSTANCE_NAME="|Top_aa|Robotic_arm_control_ak3:Robotic_arm_control_ak3|angle2location_aa:angle2location_aa|lpm_mult:Mult3|multcore:mult_core|mpar_add:padder|lpm_add_sub:adder[0]" CBX_FILE_NAME="add_sub_kgh.tdf"/>
		<CBX_INST_ENTRY INSTANCE_NAME="|Top_aa|i2c_ov5640_rgb565_cfg:i2c_ov5640_rgb565_cfg|altsyncram:Ram0_rtl_0" CBX_FILE_NAME="altsyncram_7v71.tdf"/>
		<CBX_INST_ENTRY INSTANCE_NAME="|Top_aa|sdram_top:u_sdram_top|sdram_fifo_ctrl:u_sdram_fifo_ctrl|rdfifo:u_rdfifo|dcfifo:dcfifo_component" CBX_FILE_NAME="dcfifo_aol1.tdf"/>
		<CBX_INST_ENTRY INSTANCE_NAME="|Top_aa|Image_processing_aa:Image_processing_aa|Object_detection_aa2:Object_detection_aa2|lpm_mult:Mult1" CBX_FILE_NAME="mult_tgt.tdf"/>
		<CBX_INST_ENTRY INSTANCE_NAME="|Top_aa|Robotic_arm_control_ak3:Robotic_arm_control_ak3|Inverse_kinematics_ak:Inverse_kinematics_ak|lpm_mult:Mult6|multcore:mult_core|mpar_add:padder|lpm_add_sub:adder[0]" CBX_FILE_NAME="add_sub_l9h.tdf"/>
		<CBX_INST_ENTRY INSTANCE_NAME="|Top_aa|Robotic_arm_control_ak3:Robotic_arm_control_ak3|Inverse_kinematics_ak:Inverse_kinematics_ak|lpm_mult:Mult7" CBX_FILE_NAME="mult_m9t.tdf"/>
		<CBX_INST_ENTRY INSTANCE_NAME="|Top_aa|Robotic_arm_control_ak3:Robotic_arm_control_ak3|Inverse_kinematics_ak:Inverse_kinematics_ak|sqrt_ctrl:sqrt_ctrl|sqrt:sqrt|altsqrt:ALTSQRT_component|lpm_add_sub:subtractors[3]" CBX_FILE_NAME="add_sub_cpc.tdf"/>
		<CBX_INST_ENTRY INSTANCE_NAME="|Top_aa|Robotic_arm_control_ak3:Robotic_arm_control_ak3|angle2location_aa:angle2location_aa|lpm_mult:Mult2|multcore:mult_core|mpar_add:padder|mpar_add:sub_par_add|lpm_add_sub:adder[0]" CBX_FILE_NAME="add_sub_ogh.tdf"/>
		<CBX_INST_ENTRY INSTANCE_NAME="|Top_aa|Robotic_arm_control_ak3:Robotic_arm_control_ak3|angle2location_aa:angle2location_aa|lpm_mult:Mult4|multcore:mult_core|mpar_add:padder|lpm_add_sub:adder[0]" CBX_FILE_NAME="add_sub_kgh.tdf"/>
		<CBX_INST_ENTRY INSTANCE_NAME="|Top_aa|Robotic_arm_control_ak3:Robotic_arm_control_ak3|Inverse_kinematics_ak:Inverse_kinematics_ak|lpm_mult:Mult0" CBX_FILE_NAME="mult_36t.tdf"/>
		<CBX_INST_ENTRY INSTANCE_NAME="|Top_aa|Robotic_arm_control_ak3:Robotic_arm_control_ak3|Inverse_kinematics_ak:Inverse_kinematics_ak|sqrt_ctrl:sqrt_ctrl|sqrt:sqrt|altsqrt:ALTSQRT_component|lpm_add_sub:subtractors[4]" CBX_FILE_NAME="add_sub_dpc.tdf"/>
		<CBX_INST_ENTRY INSTANCE_NAME="|Top_aa|Robotic_arm_control_ak3:Robotic_arm_control_ak3|angle2location_aa:angle2location_aa|lpm_mult:Mult3|multcore:mult_core|mpar_add:padder|mpar_add:sub_par_add|lpm_add_sub:adder[0]" CBX_FILE_NAME="add_sub_ogh.tdf"/>
		<CBX_INST_ENTRY INSTANCE_NAME="|Top_aa|Robotic_arm_control_ak3:Robotic_arm_control_ak3|Inverse_kinematics_ak:Inverse_kinematics_ak|lpm_mult:Mult1" CBX_FILE_NAME="mult_36t.tdf"/>
		<CBX_INST_ENTRY INSTANCE_NAME="|Top_aa|Robotic_arm_control_ak3:Robotic_arm_control_ak3|Inverse_kinematics_ak:Inverse_kinematics_ak|sqrt_ctrl:sqrt_ctrl|sqrt:sqrt|altsqrt:ALTSQRT_component|lpm_add_sub:subtractors[5]" CBX_FILE_NAME="add_sub_epc.tdf"/>
		<CBX_INST_ENTRY INSTANCE_NAME="|Top_aa|Robotic_arm_control_ak3:Robotic_arm_control_ak3|angle2location_aa:angle2location_aa|lpm_mult:Mult4|multcore:mult_core|mpar_add:padder|mpar_add:sub_par_add|lpm_add_sub:adder[0]" CBX_FILE_NAME="add_sub_ogh.tdf"/>
		<CBX_INST_ENTRY INSTANCE_NAME="|Top_aa|Image_processing_aa:Image_processing_aa|Bit_Dilation_Detector:u_Bit_Dilation_Detector|Matrix_Generate_3X3_1Bit:u_Matrix_Generate_3X3_1Bit|Line_Shift_RAM_1Bit:u_Line_Shift_RAM_1Bit|altshift_taps:ALTSHIFT_TAPS_component" CBX_FILE_NAME="shift_taps_0rv.tdf"/>
		<CBX_INST_ENTRY INSTANCE_NAME="|Top_aa|Robotic_arm_control_ak3:Robotic_arm_control_ak3|Inverse_kinematics_ak:Inverse_kinematics_ak|lpm_mult:Mult10|multcore:mult_core|mpar_add:padder|lpm_add_sub:adder[0]" CBX_FILE_NAME="add_sub_ngh.tdf"/>
		<CBX_INST_ENTRY INSTANCE_NAME="|Top_aa|Robotic_arm_control_ak3:Robotic_arm_control_ak3|Inverse_kinematics_ak:Inverse_kinematics_ak|lpm_mult:Mult2" CBX_FILE_NAME="mult_7dt.tdf"/>
		<CBX_INST_ENTRY INSTANCE_NAME="|Top_aa|Robotic_arm_control_ak3:Robotic_arm_control_ak3|Inverse_kinematics_ak:Inverse_kinematics_ak|sqrt_ctrl:sqrt_ctrl|sqrt:sqrt|altsqrt:ALTSQRT_component|lpm_add_sub:subtractors[6]" CBX_FILE_NAME="add_sub_fpc.tdf"/>
		<CBX_INST_ENTRY INSTANCE_NAME="|Top_aa|Robotic_arm_control_ak3:Robotic_arm_control_ak3|Inverse_kinematics_ak:Inverse_kinematics_ak|lpm_mult:Mult11|multcore:mult_core|mpar_add:padder|lpm_add_sub:adder[0]" CBX_FILE_NAME="add_sub_ngh.tdf"/>
		<CBX_INST_ENTRY INSTANCE_NAME="|Top_aa|Robotic_arm_control_ak3:Robotic_arm_control_ak3|Inverse_kinematics_ak:Inverse_kinematics_ak|lpm_mult:Mult3" CBX_FILE_NAME="mult_b3t.tdf"/>
		<CBX_INST_ENTRY INSTANCE_NAME="|Top_aa|Robotic_arm_control_ak3:Robotic_arm_control_ak3|Inverse_kinematics_ak:Inverse_kinematics_ak|sqrt_ctrl:sqrt_ctrl|sqrt:sqrt|altsqrt:ALTSQRT_component|lpm_add_sub:subtractors[7]" CBX_FILE_NAME="add_sub_nqc.tdf"/>
	</PROJECT>
</LOG_ROOT>
