# Copyright (C) 1991-2013 Altera Corporation
# Your use of Altera Corporation's design tools, logic functions 
# and other software and tools, and its AMPP partner logic 
# functions, and any output files from any of the foregoing 
# (including device programming or simulation files), and any 
# associated documentation or information are expressly subject 
# to the terms and conditions of the Altera Program License 
# Subscription Agreement, Altera MegaCore Function License 
# Agreement, or other applicable license agreement, including, 
# without limitation, that your use is for the sole purpose of 
# programming logic devices manufactured by Altera and sold by 
# Altera or its authorized distributors.  Please refer to the 
# applicable agreement for further details.

# Quartus II 64-Bit Version 13.1.0 Build 162 10/23/2013 SJ Full Version
# File: D:\2024jcs\Project\LAKE_cicc2080\lakE.csv
# Generated on: Sun Sep 01 14:06:50 2024

# Note: The column header names should not be changed if you wish to import this .csv file into the Quartus II software.

To,Direction,Location,I/O Bank,VREF Group,Fitter Location,I/O Standard,Reserved,Current Strength,Slew Rate,Differential Pair
LED[3],Output,PIN_D16,6,B6_N0,PIN_D16,,,,,
LED[2],Output,PIN_F15,6,B6_N0,PIN_F15,,,,,
LED[1],Output,PIN_F16,6,B6_N0,PIN_F16,,,,,
LED[0],Output,PIN_G15,6,B6_N0,PIN_G15,,,,,
Pump,Output,PIN_F7,8,B8_N0,PIN_F7,,,,,
Uart_rx,Input,PIN_M2,2,B2_N0,PIN_M2,,,,,
Uart_rx_gy,Input,PIN_D8,8,B8_N0,PIN_D8,,,,,
Uart_rx_s,Input,PIN_E7,8,B8_N0,PIN_E7,,,,,
Uart_tx,Output,PIN_G1,1,B1_N0,PIN_G1,,,,,
Uart_tx_s,Output,PIN_E8,8,B8_N0,PIN_E8,,,,,
cam_data[7],Input,PIN_C3,8,B8_N0,PIN_C3,,,,,
cam_data[6],Input,PIN_E5,1,B1_N0,PIN_E5,,,,,
cam_data[5],Input,PIN_F2,1,B1_N0,PIN_F2,,,,,
cam_data[4],Input,PIN_F3,1,B1_N0,PIN_F3,,,,,
cam_data[3],Input,PIN_M1,2,B2_N0,PIN_M1,,,,,
cam_data[2],Input,PIN_D4,1,B1_N0,PIN_D4,,,,,
cam_data[1],Input,PIN_G5,1,B1_N0,PIN_G5,,,,,
cam_data[0],Input,PIN_F5,1,B1_N0,PIN_F5,,,,,
cam_href,Input,PIN_D1,1,B1_N0,PIN_D1,,,,,
cam_pclk,Input,PIN_D5,8,B8_N0,PIN_D5,,,,,
cam_pwdn,Output,PIN_G2,1,B1_N0,PIN_G2,,,,,
cam_rst_n,Output,PIN_F1,1,B1_N0,PIN_F1,,,,,
cam_scl,Output,PIN_C6,8,B8_N0,PIN_C6,,,,,
cam_sda,Bidir,PIN_D6,8,B8_N0,PIN_D6,,,,,
cam_vsync,Input,PIN_F6,8,B8_N0,PIN_F6,,,,,
sdram_addr[12],Output,PIN_T15,4,B4_N0,PIN_T15,,,,,
sdram_addr[11],Output,PIN_R16,5,B5_N0,PIN_R16,,,,,
sdram_addr[10],Output,PIN_R8,3,B3_N0,PIN_R8,,,,,
sdram_addr[9],Output,PIN_P15,5,B5_N0,PIN_P15,,,,,
sdram_addr[8],Output,PIN_P16,5,B5_N0,PIN_P16,,,,,
sdram_addr[7],Output,PIN_N15,5,B5_N0,PIN_N15,,,,,
sdram_addr[6],Output,PIN_N16,5,B5_N0,PIN_N16,,,,,
sdram_addr[5],Output,PIN_L15,5,B5_N0,PIN_L15,,,,,
sdram_addr[4],Output,PIN_L16,5,B5_N0,PIN_L16,,,,,
sdram_addr[3],Output,PIN_R9,4,B4_N0,PIN_R9,,,,,
sdram_addr[2],Output,PIN_T9,4,B4_N0,PIN_T9,,,,,
sdram_addr[1],Output,PIN_P9,4,B4_N0,PIN_P9,,,,,
sdram_addr[0],Output,PIN_T8,3,B3_N0,PIN_T8,,,,,
sdram_ba[1],Output,PIN_T7,3,B3_N0,PIN_T7,,,,,
sdram_ba[0],Output,PIN_R7,3,B3_N0,PIN_R7,,,,,
sdram_cas_n,Output,PIN_T5,3,B3_N0,PIN_T5,,,,,
sdram_cke,Output,PIN_R14,4,B4_N0,PIN_R14,,,,,
sdram_clk,Output,PIN_R4,3,B3_N0,PIN_R4,,,,,
sdram_cs_n,Output,PIN_T6,3,B3_N0,PIN_T6,,,,,
sdram_data[15],Bidir,PIN_R11,4,B4_N0,PIN_R11,,,,,
sdram_data[14],Bidir,PIN_T11,4,B4_N0,PIN_T11,,,,,
sdram_data[13],Bidir,PIN_R10,4,B4_N0,PIN_R10,,,,,
sdram_data[12],Bidir,PIN_T10,4,B4_N0,PIN_T10,,,,,
sdram_data[11],Bidir,PIN_T12,4,B4_N0,PIN_T12,,,,,
sdram_data[10],Bidir,PIN_R12,4,B4_N0,PIN_R12,,,,,
sdram_data[9],Bidir,PIN_T13,4,B4_N0,PIN_T13,,,,,
sdram_data[8],Bidir,PIN_R13,4,B4_N0,PIN_R13,,,,,
sdram_data[7],Bidir,PIN_P1,2,B2_N0,PIN_P1,,,,,
sdram_data[6],Bidir,PIN_P2,2,B2_N0,PIN_P2,,,,,
sdram_data[5],Bidir,PIN_R1,2,B2_N0,PIN_R1,,,,,
sdram_data[4],Bidir,PIN_T2,3,B3_N0,PIN_T2,,,,,
sdram_data[3],Bidir,PIN_R3,3,B3_N0,PIN_R3,,,,,
sdram_data[2],Bidir,PIN_T3,3,B3_N0,PIN_T3,,,,,
sdram_data[1],Bidir,PIN_T4,3,B3_N0,PIN_T4,,,,,
sdram_data[0],Bidir,PIN_R5,3,B3_N0,PIN_R5,,,,,
sdram_dqm[1],Output,PIN_T14,4,B4_N0,PIN_T14,,,,,
sdram_dqm[0],Output,PIN_N2,2,B2_N0,PIN_N2,,,,,
sdram_ras_n,Output,PIN_R6,3,B3_N0,PIN_R6,,,,,
sdram_we_n,Output,PIN_N1,2,B2_N0,PIN_N1,,,,,
switch,Input,PIN_M10,4,B4_N0,PIN_M10,,,,,
swtich_key,Input,PIN_L3,2,B2_N0,PIN_L3,,,,,
sys_clk,Input,PIN_E1,1,B1_N0,PIN_E1,,,,,
sys_rst_n,Input,PIN_E15,6,B6_N0,PIN_E15,,,,,
vga_hs,Output,PIN_C16,6,B6_N0,PIN_C16,,,,,
vga_rgb[15],Output,PIN_C8,8,B8_N0,PIN_C8,,,,,
vga_rgb[14],Output,PIN_A9,7,B7_N0,PIN_A9,,,,,
vga_rgb[13],Output,PIN_B9,7,B7_N0,PIN_B9,,,,,
vga_rgb[12],Output,PIN_A10,7,B7_N0,PIN_A10,,,,,
vga_rgb[11],Output,PIN_B10,7,B7_N0,PIN_B10,,,,,
vga_rgb[10],Output,PIN_A11,7,B7_N0,PIN_A11,,,,,
vga_rgb[9],Output,PIN_B11,7,B7_N0,PIN_B11,,,,,
vga_rgb[8],Output,PIN_A12,7,B7_N0,PIN_A12,,,,,
vga_rgb[7],Output,PIN_B12,7,B7_N0,PIN_B12,,,,,
vga_rgb[6],Output,PIN_A13,7,B7_N0,PIN_A13,,,,,
vga_rgb[5],Output,PIN_B13,7,B7_N0,PIN_B13,,,,,
vga_rgb[4],Output,PIN_A14,7,B7_N0,PIN_A14,,,,,
vga_rgb[3],Output,PIN_B14,7,B7_N0,PIN_B14,,,,,
vga_rgb[2],Output,PIN_A15,7,B7_N0,PIN_A15,,,,,
vga_rgb[1],Output,PIN_B16,6,B6_N0,PIN_B16,,,,,
vga_rgb[0],Output,PIN_C15,6,B6_N0,PIN_C15,,,,,
vga_vs,Output,PIN_D15,6,B6_N0,PIN_D15,,,,,
view,Input,PIN_N13,5,B5_N0,PIN_N13,,,,,
